LIB	Lat	Long	Q4_SUBPOP
ACOYS	38.85680556	-89.40369444	Central_East
ACOYT	39.56491667	-86.62216667	West_Coast
ACOYU	39.79491667	-85.53222222	Central_East
ACOYW	39.96711111	-83.3620555	Central_East
ACOYX	39.94066666	-82.4791666	West_Coast
ACOYY	40.06611111	-80.56966666	Central
ACOYZ	49.38815	-99.31496	Central_North
ACOZA	42.08344444	-72.09852778	Central_East
ACOZB	39.57991667	-75.58869444	Central
ACOZC	38.90208333	-90.20775	Central_East
ACOZG	35.85597222	-86.29008333	Central_East
ACOZH	36.03488889	-86.30625	Central_East
ACOZN	40.84973333	-84.58045	West_Coast
ACOZO	39.02519444	-90.91727778	Central
ACOZP	40.39182	-82.46721	West_Coast
ACOZS	41.1093	-83.64949	West_Coast
ACOZT	41.71293	-83.68572	West_Coast
ACOZU	43.11953	-83.76021	Central_East
ACOZW	43.85372	-84.0132	West_Coast
ACOZX	45.77422	-84.73341	Central_East
ACOZZ	52.41666667	16.96666667	Central_North
ACPAA	40.65768	-84.94915	Central_East
ACPAB	40.55639	-84.06494	West_Coast
ACPAN	42.37566	-96.355	West_Coast
ACPAU	39.80136	-89.60564	Central_East
ACPAW	56.223886	28.441429	Central_East
ACPAX	46.286224	45.416565	Central
ACPAY	40.394876	-91.568957	Central_North
ACPAZ	40.639579	-91.749754	Central_North
ACPBA	40.685881	-96.269344	West_Coast
ACPBB	40.824488	-97.348977	Central_North
ACPBC	40.670462	-99.028806	Central_East
ACPBG	41.114631	-102.629526	Central_North
ACPBH	41.611581	-109.230143	West_Coast
ACPBN	41.527351	-109.461506	West_Coast
ACPBO	40.035676	-107.910265	Central_North
ACPBP	37.616929	-109.477204	West_Coast
ACPBS	37.283112	-109.551803	Central_East
ACPBT	37.043159	-112.520873	Central_East
ACPBU	38.889421	-112.410619	Central_North
ACPBW	39.251713	-112.109362	West_Coast
ACPBX	39.67639	-111.841033	West_Coast
ACPBY	40.237731	-111.656539	West_Coast
ACPBZ	39.60003	-110.822984	West_Coast
ACPCA	38.815076	-107.693851	Central_North
ACPCB	38.926037	-107.470114	West_Coast
ACPCC	38.551608	-104.652731	Central_North
ACPCG	38.298267	-104.617535	West_Coast
ACPCH	37.654066	-104.794325	Central
ACPCN	37.402171	-104.650687	Central_North
ACPCO	36.538836	-104.542096	West_Coast
ACPCP	36.244964	-104.649466	West_Coast
ACPCS	36.012387	-104.705733	West_Coast
ACPCT	34.472004	-104.245471	Central_East
ACPCU	33.548991	-101.84914	Central_East
ACPCW	33.594061	-99.264963	Central_East
ACPCX	33.815622	-98.696905	Central_East
ACPCY	33.787072	-97.725151	Central_North
ACPCZ	33.695875	-97.524163	Central_East
ACPGA	33.638665	-97.133214	Central_East
ACPGB	33.583834	-95.909873	Central_East
ACPGC	36.42522	-89.696346	Central_East
ACPGG	37.643742	-89.834553	Central_East
ACPGH	37.749648	-97.781769	Central_East
ACPGN	41.785113	-87.576798	West_Coast
ACPGO	41.79271	-87.584076	Central
ACPGP	39.331235	-88.43722	Central_East
AGTTB	NA	NA	Central
AGTTC	NA	NA	Central
AGTTG	NA	NA	Central
AGTTH	NA	NA	Central_North
AGTTS	41.49936	-95.91812	West_Coast
AGTTT	42.60494	-96.57353	Central
AGTTU	42.78696	-96.91452	West_Coast
AGTTW	43.7157	-98.02695	Central
AGTTX	44.34158	-98.4577	Central_North
AGTTY	44.74191	-98.50509	Central
AGTTZ	45.488313	-98.523227	West_Coast
AGTUA	45.83619	-98.51136	Central_North
AGTUB	46.884168	-98.715808	Central_North
AGTUC	46.88411	-98.71545	West_Coast
AGTUG	46.89384	-99.29961	West_Coast
AGTUH	46.86055	-99.91451	Central_North
AGTUN	46.83783	-100.5827	Central_North
AGTUO	46.86272	-101.1555	Central_North
AGTUP	46.86644	-101.82427	Central_North
AGTUS	46.9928	-102.43263	Central_North
AGTUT	46.89467	-103.19049	Central_North
AGTUU	46.92516	-103.51868	Central_North
AGTUX	46.48267	-103.3213	Central_North
AGTUY	46.29461	-103.92215	Central_North
AGTUZ	46.3681	-104.35066	Central_North
AGTWA	46.42075	-105.07467	Central_North
AGTWB	46.27537	-106.4505	West_Coast
AGTWC	46.26244	-106.92829	Central_North
AGTWG	46.13985	-107.50673	Central_North
AGTWH	45.74979	-107.61238	Central_North
AGTWN	45.57915	-107.44347	Central_North
AGTWO	40.03088889	-82.44852778	West_Coast
AGTWP	40.68397222	-75.15036111	West_Coast
AGTWS	41.92019444	-71.35716667	Central_East
AGTWT	39.66022222	-79.777	West_Coast
AGTWU	39.25175	-81.554833	Central_East
AGTWW	39.1925	-82.26936111	Central_East
AGTWX	39.04363889	-83.16447222	Central_East
AGTWY	41.17225	-121.0237778	Central_North
AGTWZ	40.03678056	-122.1122528	West_Coast
AGTXA	36.07472222	-86.5108333	Central_East
AGTXB	41.154828	-73.33121	Central_East
AGTXC	41.1222	-73.3166	Central_East
AGTXG	41.274617	-72.817634	Central_East
AGTXH	41.27346	-72.80977	Central_East
AGTXN	40.3229	-84.61955	Central_East
AGTXO	38.96068333	-89.08911666	Central_East
AGTXP	42.01228333	-93.91575	Central
AGTXS	42.37924	-83.75483	West_Coast
AGTXT	45.10855	-84.16644	Central_North
AGTXU	45.10855	-84.16644	West_Coast
AGTXW	44.55565	-85.30321	Central
AGTXX	43.88811	-85.53082	Central
AGTXY	43.0399	-85.66358	Central_East
AGTXZ	42.26154	-85.1962	Central_East
AGTYA	41.70756	-85.00575	Central_East
AGTYB	41.02773	-85.26348	West_Coast
AGTYG	43.44701	-93.35497	West_Coast
AGTYH	NA	NA	Central
AGTYN	38.64672222	-90.25205556	Central_North
AGTYO	39.89052777	-84.19994444	West_Coast
AGTYP	39.96444444	-83.35855555	Central
AGTYS	40.68397222	-75.15036111	West_Coast
AGTYT	39.61513889	-77.69763889	Central_East
AGTYU	38.64852778	-90.31563889	Central_East
AGTYW	36.06644444	-86.60033333	Central_East
AGTYX	38.96068333	-89.08911666	Central_East
AGTYY	44.56634	-85.30292	Central_North
AGTYZ	41.02773	-85.26348	West_Coast
AGTZA	46.03728	-95.83433	Central_North
AGTZB	49.62346	-98.76953	Central_North
AGTZC	49.65183	-98.71057	Central_North
AGTZH	62.751661	129.641733	Central_North
AGTZN	49.12861111	81.10777778	Central_North
AGTZO	38.838905	35.198078	Central_East
AGTZP	39.748114	37.008076	Central
AGTZS	38.216604	35.050964	Central_North
AGTZT	43.8482699	125.3073549	Central
AGTZU	34.25	108.8666667	Central
AGTZW	48.13388889	110.2280556	Central_North
AGTZX	NA	NA	Central
AGTZY	NA	NA	Central
AGYOH	40.739965	-92.743137	West_Coast
AGYON	40.710985	-94.799615	Central_East
AGYOO	40.742493	-95.146752	Central_East
AGYOP	40.822207	-96.928115	Central_East
AGYOS	40.825496	-97.882997	West_Coast
AGYOT	40.801005	-98.495433	Central
AGYOU	40.691555	-99.379261	Central_East
AGYOW	40.782704	-99.844425	West_Coast
AGYOX	41.004507	-100.375773	West_Coast
AGYOY	41.139728	-101.1039063	Central_East
AGYOZ	41.118807	-101.574372	Central
AGYPA	41.050248	-102.069535	Central_East
AGYPB	41.128069	-103.030865	West_Coast
AGYPC	41.221852	-103.49021	Central_North
AGYPG	41.184331	-104.042706	Central_North
AGYPH	41.129762	-104.824411	West_Coast
AGYPN	40.98853	-109.719586	West_Coast
AGYPO	40.462036	-109.534309	West_Coast
AGYPP	40.242103	-109.010365	West_Coast
AGYPS	40.083797	-108.805264	West_Coast
AGYPT	40.168156	-108.402483	West_Coast
AGYPU	39.592788	-107.767971	West_Coast
AGYPW	39.551583	-107.324438	West_Coast
AGYPX	39.143227	-108.738081	West_Coast
AGYPY	38.698472	-109.39692	West_Coast
AGYPZ	37.872382	-109.343041	West_Coast
AGYSA	37.23608	-113.280945	West_Coast
AGYSB	37.723846	-113.058836	West_Coast
AGYSC	37.851783	-112.827839	Central_North
AGYSG	38.251452	-112.646696	Central_North
AGYSH	39.977355	-111.769355	West_Coast
AGYSN	38.995209	-110.160661	West_Coast
AGYSO	38.988726	-110.15092	West_Coast
AGYSP	38.762585	-108.091005	West_Coast
AGYSS	38.800446	-107.78147	West_Coast
AGYST	39.407617	-107.153298	West_Coast
AGYSU	38.853664	-104.88076	Central_East
AGYSX	37.137695	-104.521004	Central_North
AGYSY	36.784284	-104.466169	West_Coast
AGYSZ	35.808758	-104.981085	Central_North
AGYTA	35.604828	-105.21094	West_Coast
AGYTB	34.939764	-104.688099	West_Coast
AGYTC	34.404547	-103.209329	Central_East
AGYTG	37.086509	-89.533481	Central_East
AGYTH	37.976018	-90.187726	Central_East
AGYTN	42.98244	-97.8624	West_Coast
AGYTO	45.3651	-107.3651	Central_North
AGYTP	44.34639	-106.69939	Central_North
AGYTS	43.7165	-106.64461	Central_North
AGYTT	43.41328	-106.2771	Central_North
AGYTU	42.76134	-105.3903	West_Coast
AGYTW	42.77707	-104.6176	West_Coast
AGYTX	43.24482	-104.29449	Central_North
AGYTY	43.30425	-103.99532	Central_North
AGYTZ	43.41896	-103.55039	Central_North
AGYUA	43.41896	-103.55039	Central_North
AGYUB	43.75662	-103.59976	West_Coast
AGYUC	43.88834	-103.4248	Central_North
AGYUG	44.37313	-103.72745	West_Coast
AGYUH	44.1986	-103.352	West_Coast
AGYUN	44.10248	-102.58799	West_Coast
AGYUO	43.98511	-102.23994	Central
AGYUP	43.75031	-101.93103	West_Coast
AGYUS	43.84993	-101.48285	West_Coast
AGYUT	43.89445	-99.86584	Central_North
AGYUU	38.98598333	-93.49801667	Central_North
AGYUW	38.9976	-95.34348333	Central
AGYUY	39.31583333	-102.0235167	Central_East
AGYUZ	39.649083	-107.052633	Central_North
AGYWA	35.65428333	-101.4390333	Central_East
AGYWB	37.9431	-91.7892	Central_East
AGYWC	40.116694	-88.225224	West_Coast
AGYWG	44.476719	-73.204858	West_Coast
AGYWH	44.476346	-73.204759	West_Coast
AGYWN	44.479131	-73.211135	West_Coast
ILMN	NA	NA	Central_East
ILMP	39.667021	-91.673365	Central
ILMQ	39.841043	-95.990761	West_Coast
ILMR	39.755067	-99.308215	Central
ILMS	39.851203	-101.880408	Central_North
ILMT	40.58896	-105.074526	West_Coast
ILMU	41.942507	-103.818446	West_Coast
ILMW	41.535813	-102.984406	Central_North
ILMX	NA	NA	Central_East
ILMY	39.674129	-91.945821	Central
ILMZ	39.842163	-96.283816	Central
ILNA	39.828473	-99.652691	Central
ILNB	40.014368	-101.950651	Central
ILNC	40.841371	-104.96485	West_Coast
ILND	41.866634	-103.640786	West_Coast
ILNE	41.695933	-103.107001	West_Coast
ILNF	NA	NA	Central_East
ILNG	39.713657	-92.124012	Central_East
ILNH	39.841633	-96.585083	Central_East
ILNI	39.835129	-99.903063	West_Coast
ILNJ	40.077939	-102.244308	Central_East
ILNK	41.036005	-104.897197	Central
ILNL	41.644431	-103.676548	West_Coast
ILNM	41.884539	-103.090009	West_Coast
ILNN	NA	NA	Central_East
ILNP	39.760796	-92.562035	West_Coast
ILNQ	39.841603	-96.632516	Central
ILNR	39.827595	-100.18425	Central
ILNS	40.104936	-102.499854	Central
ILNT	41.407684	-104.873221	Central_North
ILNU	41.473098	-103.658896	West_Coast
ILNW	42.055666	-102.907971	Central_North
ILNX	NA	NA	Central_East
ILNY	39.761834	-92.940955	Central
ILNZ	39.823201	-96.918713	Central
ILPA	39.829136	-100.509343	West_Coast
ILPB	40.132677	-102.762432	Central_North
ILPC	41.735199	-104.832595	West_Coast
ILPD	41.266212	-103.64844	Central_North
ILPE	42.278088	-102.974572	Central_North
ILPF	NA	NA	Central_East
ILPG	39.77753	-93.501501	Central_East
ILPH	39.819722	-97.241021	Central
ILPI	40.019842	-100.571472	Central
ILPJ	40.15567	-103.040021	West_Coast
ILPK	41.962584	-104.950196	Central_North
ILPL	41.009355	-103.687966	Central_North
ILPM	42.53958	-102.968572	Central_North
ILPN	NA	NA	Central_East
ILPP	39.73497	-93.852486	Central_East
ILPQ	39.813291	-97.518757	Central
ILPR	40.198953	-100.671709	West_Coast
ILPS	40.200365	-103.322351	Central_North
ILPT	42.264712	-105.038564	West_Coast
ILPU	40.730394	-103.688499	West_Coast
ILPW	42.740696	-103.007467	Central_North
ILPY	39.753293	-94.257685	Central
ILPZ	39.795043	-97.812391	Central
ILQA	40.211695	-100.954543	Central
ILQB	40.260438	-103.59949	West_Coast
ILQC	42.502063	-105.026111	West_Coast
ILQD	40.610691	-103.543916	Central_North
ILQE	43.188548	-103.236831	West_Coast
ILQF	NA	NA	Central_East
ILQG	39.758214	-94.577249	Central_East
ILQH	39.785189	-98.13892	Central
ILQI	40.151886	-101.200659	West_Coast
ILQJ	40.254247	-103.880092	West_Coast
ILQK	42.26971	-104.754017	Central_North
ILQL	40.623491	-103.265993	West_Coast
ILQM	43.188325	-102.982081	Central
ILQN	NA	NA	Central_East
ILQP	39.789828	-95.082571	West_Coast
ILQQ	39.785564	-98.448169	Central_East
ILQR	40.081354	-101.483822	West_Coast
ILQS	40.292456	-104.177974	West_Coast
ILQT	42.212621	-104.517153	West_Coast
ILQU	40.62489	-103.23191	West_Coast
ILQW	43.18402	-102.728218	Central_North
ILQX	NA	NA	Central_East
ILQY	39.842954	-95.436777	Central_East
ILQZ	39.784543	-98.715851	Central_East
ILRA	39.858276	-101.540812	Central_East
ILRB	40.32416	-104.407984	West_Coast
ILRC	42.096842	-104.264803	Central_North
ILRD	41.14328	-102.990926	West_Coast
ILRE	43.026249	-102.557715	Central_North
ILRF	NA	NA	Central_East
ILRG	39.843731	-95.684448	Central_East
ILRH	39.770926	-99.025652	Central
ILRI	39.760317	-101.711428	Central
ILRJ	40.524713	-104.711266	West_Coast
ILRK	41.997044	-104.040767	West_Coast
ILRL	41.319004	-102.97203	Central_North
ILRM	42.853979	-102.530208	Central
ILRN	42.722656	-102.439132	West_Coast
ILRP	42.000811	-101.763057	Central_East
ILRQ	41.874572	-100.559012	Central_North
ILRR	42.480801	-98.867512	Central
ILRS	42.482356	-95.931129	Central
ILRT	41.389163	-92.905488	West_Coast
ILRX	42.799418	-102.20313	Central_North
ILRY	41.810925	-101.757999	Central
ILRZ	42.058313	-100.540794	Central
ILSA	42.447334	-98.624701	Central
ILSB	42.465662	-95.805842	Central
ILSC	41.140103	-92.599065	Central
ILSF	42.799463	-102.20321	Central
ILSG	41.624091	-101.694697	Central_East
ILSH	42.281934	-100.536517	Central_East
ILSI	42.335626	-98.456099	Central_East
ILSJ	42.474849	-95.5218	Central_East
ILSK	40.884007	-92.40952	Central
ILSN	42.999706	-102.214662	West_Coast
ILSP	41.593503	-101.496454	Central_North
ILSQ	42.506558	-100.536879	Central_North
ILSR	42.335098	-98.174002	Central
ILSS	42.474671	-95.224945	Central_East
ILST	40.208708	-92.580745	West_Coast
ILSX	43.143646	-102.029949	Central_North
ILSY	41.555563	-101.31065	Central
ILSZ	42.713586	-100.536121	West_Coast
ILTA	42.350324	-97.864502	Central
ILTB	42.453977	-94.976307	Central_North
ILTC	NA	NA	Central
ILTF	43.172176	-101.751538	Central_North
ILTG	41.54893	-101.026442	Central_North
ILTH	42.75272	-100.419421	Central_North
ILTI	42.359665	-97.582196	Central
ILTJ	42.450066	-94.69409	West_Coast
ILTN	42.996313	-101.714131	Central_North
ILTP	41.439577	-100.863235	West_Coast
ILTQ	42.615238	-100.181933	Central
ILTR	42.393353	-97.295219	Central_East
ILTS	42.459593	-93.816204	West_Coast
ILTX	42.820062	-101.69546	West_Coast
ILTY	41.273855	-100.837089	Central_East
ILTZ	42.559929	-99.948055	Central_East
ILUA	42.46707	-97.050815	Central
ILUB	41.590154	-93.606684	West_Coast
ILUF	42.630569	-101.714035	Central
ILUG	41.147192	-100.760402	Central
ILUH	42.557282	-99.644374	Central
ILUI	42.472099	-96.815001	Central
ILUJ	41.656362	-93.73997	Central_East
ILUN	42.448269	-101.714906	West_Coast
ILUP	41.315222	-100.616911	Central_East
ILUQ	42.591228	-99.362407	Central
ILUR	42.475057	-96.629397	Central
ILUS	41.646675	-93.696149	Central_East
ILUX	42.267355	-101.72124	Central
ILUY	41.480414	-100.501814	Central
ILUZ	42.594233	-99.323683	Central_East
ILWA	42.475221	-96.289671	West_Coast
ILWB	41.59822	-93.491424	Central
ILWF	42.05908	-101.750973	Central_East
ILWG	41.684815	-100.512623	Central_East
ILWH	42.579605	-99.0997	Central
ILWI	42.475444	-96.179647	West_Coast
ILWJ	41.473581	-93.04155	West_Coast
NTNB	41.78606667	-89.68251666	Central
NTNC	38.587894	48.816147	Central_East
NTNG	49.64306	-98.61948	Central_North
NYHO	39.40472222	-87.65325	Central_East
NYHP	39.04363889	-83.16447222	Central
NYHS	38.87622222	-90.19041667	Central
NYHU	46.66004	-96.39323	Central_North
NYHX	49.63163	-98.80143	Central_North
NYHY	49.48732	-97.48177	Central_North
NYHZ	49.49886	-98.03411	Central_North
NYNA	49.49835	-98.04111	Central_North
NYNB	45.96494	-96.83842	Central_North
NYNC	43.08312	-96.79729	Central
NYNG	36.08930556	-86.37091667	Central_East
NYNH	36.07691667	-86.39636111	Central_East
NYNN	39.478606	33.425446	Central_East
NYNO	49.5327	-98.68748	Central_North
OBXH	42.89125	-70.87152778	Central_North
OBXN	38.87622222	-90.19041667	Central
OBXP	36.02544444	-86.34844444	Central_North
OBXS	44.72692	-83.82033	Central_East
OBXT	49.5009	-98.02792	Central_North
OBXU	-37.438	-72.2471	Central_North
OBXW	35.762393	51.965275	West_Coast
OBXX	45.40388889	130.6275	Central
REF	NA	NA	West_Coast
SYWH	39.478606	33.425446	Central_East
SYWN	49.59538	-98.86997	Central_North
TCTG	43.12805556	131.9008333	Central
TCTH	49.40199	-98.83965	Central_North
TCTN	49.69464	-98.79431	Central_North
TCTO	41.1620333	-89.66153333	Central_East
TOSU	54.768959	-101.85653	Central_North
TWUZ	53.732873	78.033428	Central_North
TWWA	44.826169	-0.58067	Central_East
UAWY	40.09238	-89.42172	Central_East
UAWZ	47.24074	-97.01051	West_Coast
WZHH	46.80281	-117.75549	West_Coast
WZHN	46.74162	-118.22792	West_Coast
WZHO	47.10102	-119.2599	West_Coast
WZHP	47.10425	-119.61591	West_Coast
WZHS	47.37184	-120.13941	West_Coast
WZHT	47.46936	-120.33607	West_Coast
WZHU	47.16119	-120.8497	West_Coast
WZHW	46.69722	-120.44344	West_Coast
WZHX	46.66005	-120.52406	West_Coast
WZHY	46.35773	-119.08485	Central
XBXG	38.587894	48.816147	Central_East
XBZG	44.43831	-119.07433	West_Coast
XBZH	44.28775	-118.97908	West_Coast
XBZN	41.41889	-112.05333	West_Coast
XBZO	40.75422	-111.85366	West_Coast
XBZP	37.16231	-88.69795	Central_East
XBZS	37.08842	-88.59528	Central_East
XBZU	33.94234	-83.38319	Central_East
XBZW	36.5928	-87.28806	West_Coast
XBZX	39.72215	-97.78739	Central_East
XBZY	42.8809	-97.35317	Central
XBZZ	44.81704	-106.95503	West_Coast
XCAG	43.43484	-103.46888	West_Coast
XCAH	39.2947	-102.4279333	Central_North
XCAN	39.28693333	-103.0610833	Central_North
XCAO	39.26393333	-103.6475	Central_North
XCAP	39.61408333	-104.0412833	West_Coast
XCAS	39.74061667	-104.6029167	West_Coast
XCAT	39.7044	-105.2503667	Central_East
XCAU	39.5747	-107.4516667	West_Coast
XCAW	39.4533	-108.0464333	West_Coast
XCAX	39.18005	-108.2790667	Central_North
XCAY	39.05386667	-108.6019833	West_Coast
XCAZ	39.219437	-108.865782	West_Coast
XCBA	39.05148333	-95.7613	West_Coast
XCBB	39.02866667	-96.79958333	Central_East
XCBC	38.8796	-97.66806667	Central_East
XCBG	38.94475	-97.16626667	Central
XCBH	38.85713333	-98.13286667	Central_East
XCBN	38.87716667	-99.15101667	West_Coast
XCBO	39.05808333	-100.2415667	Central_East
XCBP	39.33298333	-101.5401	Central_North
XCBS	38.9349	-91.80536667	Central
XCBT	39.01525	-94.06838333	Central_East
XCBU	37.6839	-93.79398333	Central_East
XCBW	37.6839	-93.79398333	Central_East
XCBX	37.655549	-92.705256	Central
XCBY	37.8225	-92.13975	Central_East
XCBZ	38.20878333	-91.17381667	Central_East
XCCA	36.27375	-99.3364	Central_East
XCCB	36.15013333	-99.29741667	Central_East
XCCC	36.43423333	-99.2065	Central_East
XCCG	36.3904	-98.44045	Central
XCCH	36.7135	-95.6594	Central_East
XCCN	35.26448333	-102.7414	Central_East
XCCO	35.26801667	-102.5576833	Central_East
XCCP	35.21705	-101.70655	Central_East
XCCS	35.5323	-101.0826833	Central_East
XCCT	35.53256667	-100.9901333	Central_East
XCCU	35.51923333	-100.5305167	Central_East
XCCW	38.55588333	-109.5348667	West_Coast
XCCX	37.87225	-109.3427333	West_Coast
XCCY	37.61705	-109.4770167	West_Coast
XCCZ	38.93968333	-92.87155	Central
XCGA	44.28409	-93.29373	Central
XCGB	45.55244	-94.22726	Central_North
XCGC	46.03728	-95.83433	Central_North
XCGG	49.19226	-98.47718	Central_North
XCGH	49.59117	-98.8241	Central_North
XCGN	49.59578	-98.80132	Central_North
XCGO	49.62839	-98.72547	Central_North
XCGP	49.65886	-98.80159	Central_North
XCGS	49.68554	-98.61968	Central_North
XCGT	49.50261	-97.64426	Central_North
XCGU	49.50081	-98.02994	Central_North
XCGW	45.40278	-97.02318	West_Coast
XCGX	44.66	-96.8174	Central
XCGY	43.90858	-96.75929	West_Coast
XCGZ	38.82356	-90.18184	Central
XCHA	NA	NA	Central_East
XCHB	41.64819	-88.07844	Central
XCHC	54.830952	83.148279	Central_North
XCHG	56.223886	28.441429	Central_North
XGPA	46.46062	-117.01885	West_Coast
XGPB	46.33914	-117.04884	West_Coast
XGPC	46.04094	-117.25344	West_Coast
XGPG	45.55232	-117.24785	Central_East
XGPH	45.32581	-118.01456	West_Coast
XGPN	45.2085	-117.86142	West_Coast
XGPO	44.67372	-117.99547	West_Coast
XGPP	43.57206	-119.07975	West_Coast
XGPS	43.78455	-118.27872	West_Coast
XGPT	43.96857	-117.38221	West_Coast
XGPU	44.03198	-116.98496	West_Coast
XGPW	43.83647	-116.94662	West_Coast
XGPX	43.44433	-116.57316	West_Coast
XGPY	43.50305	-116.4938	West_Coast
XGPZ	43.45879	-116.25426	West_Coast
XGSA	42.76145	-114.88692	West_Coast
XGSB	42.93453	-114.78152	Central_North
XGSC	42.72412	-114.49312	Central_North
XGSG	42.66378	-114.2741	West_Coast
XGSH	42.50507	-113.4093	Central_North
XGSN	42.07483	-112.91133	West_Coast
XGSO	41.55272	-112.06996	West_Coast
XGSP	41.41777	-112.05244	West_Coast
XGSS	41.412	-112.05254	West_Coast
XGST	41.25253	-111.87881	West_Coast
XGSU	41.16396	-112.11629	West_Coast
XGSW	41.1612	-112.05478	West_Coast
XGSX	40.59884	-112.4258	West_Coast
XGSY	40.53426	-112.30599	West_Coast
XGSZ	40.67105	-111.92073	West_Coast
XGTA	41.08882	-112.11855	West_Coast
XGTB	41.66185	-111.90003	West_Coast
XGTC	41.7434	-111.79655	West_Coast
XGTG	41.72233	-111.83573	Central_North
XGTH	41.94046	-111.81351	West_Coast
XGTN	42.02792	-111.80898	West_Coast
XGTO	42.07607	-111.85527	Central_North
XGTP	42.68338	-112.2363	Central_North
XGTS	42.8618	-112.43878	West_Coast
XGTT	42.84663	-112.42219	West_Coast
XGTU	43.21357	-112.3983	Central_North
XGTW	45.20508	-112.64948	Central_North
XGTX	45.52274	-112.70787	Central_North
XGTY	45.71786	-112.71038	Central_North
XGTZ	46.00726	-112.51675	Central_North
XGUA	47.65565	-116.70348	West_Coast
XGUB	47.67236	-116.77063	West_Coast
XGUC	47.55273	-117.40041	West_Coast
XGUG	46.61655	-118.11749	West_Coast
XGUH	46.29823	-117.92075	West_Coast
XGUN	46.04811	-118.51066	West_Coast
XGUO	46.07269	-118.79476	West_Coast
XGUP	45.84015	-119.28967	West_Coast
XGUS	45.8271	-119.31114	West_Coast
XGUT	45.84211	-119.68988	West_Coast
XGUU	45.59929	-121.18733	West_Coast
XGUW	44.8774	-122.65508	Central_North
XGUX	45.51469	-122.6925	West_Coast
XGUY	45.5179	-122.68682	West_Coast
XGUZ	44.72243	-121.19638	West_Coast
XSHP	44.63194	-121.13349	Central_North
XSHS	44.36109	-121.14068	West_Coast
XSHT	44.09187	-121.3056	Central_North
XSHU	42.67776	-122.63301	West_Coast
XSHW	42.21199	-122.72852	West_Coast
XSHX	42.33012	-122.93838	West_Coast
XSHY	42.38066	-123.46179	Central_North
XSHZ	37.80715	-119.80715	Central_East
XSNA	35.78482	-112.12958	Central_North
XSNB	37.19978	-112.98646	Central_North
XSNC	34.75742	-112.11179	West_Coast
XSNG	46.30568	-117.90479	West_Coast
XSNH	46.83926	-117.51254	West_Coast
XSNN	46.79536	-118.50484	Central
XSNO	47.08713	-118.84506	West_Coast
XSNP	47.09863	-120.69302	West_Coast
XSNS	46.24886	-119.47778	West_Coast
XSNT	46.2201	-119.79073	West_Coast
XSNU	46.42052	-117.02132	West_Coast
XSNW	46.13726	-117.13256	West_Coast
XSNX	44.68031	-117.64728	West_Coast
XTNA	52.398989	-101.114867	Central_North
XTNB	53.817287	-101.249167	Central_North
XTNG	39.512823	-119.812755	West_Coast
XTNH	39.491291	-119.80559	Central_North
XTNN	39.491291	-119.80559	West_Coast
XTNO	53.817274	-101.249063	Central_North
XTNP	53.817274	-101.249063	Central_North
XTNX	53.824444	-101.24769	Central_North
XTNY	53.824444	-101.24769	Central_North
XTNZ	49.809742	-94.530344	Central_North
XTOA	33.012118	50.303421	Central_North
XTOB	38.82851	-90.18047	Central
XTOC	41.55582	-91.54157	West_Coast
